Workbook

Sheet Measures
A1: Measure | B1: Rate Description
A2: Formal Volunteering | B2: estimated share of state residents who spent any time volunteering for any organization or association in the past year
A3: Organizational Membership | B3: estimated share of state residents who belonged to any groups, organizations, or associations in the past year
A4: Charitable Giving | B4: estimated share of state residents who gave money or possessions with a combined value of more than $25 to a non-political group or organization such as a charity, school, or religious organization in the past year
A5: Informal Helping | B5: estimated share of state residents who exchanged favors with neighbors such as house sitting, watching each other’s children, lending tools, and other things to help each other at least once in the past year
A6: Talking with Friends and Family | B6: estimated share of state residents who talked to or spent time with friends and family at least once in the past year
A7: Talking with Neighbors | B7: estimated share of state residents who had a conversation or spent time with neighbors at least once in the past year
A8: Learning about Issues | B8: estimated share of state residents who read, watched or listened to news or information about political, societal, or local issues at least once in the past year
A9: Discussing Issues with Friends and Family | B9: estimated share of state residents who discussed political, societal, or local issues with friends or family at least once in the past year
A10: Discussing Issues with Neighbors | B10: estimated share of state residents who discussed political, societal, or local issues with neighbors at least once in the past year
A11: Posting Views Online | B11: estimated share of state residents who posted views about political, societal, or local issues on the internet or social media at least once in the past year
A12: Voting in Local Elections | B12: estimated share of state residents 18 years and older who were eligible and voted in the last local elections, such as for mayor or school board, in the past year
... A18: Employer Promotes Volunteering | B18: estimated share of employed state residents whose workplace or employer asked or encouraged employees to volunteer or contribute to a specific cause, for example by participating in an employer-sponsored volunteering day, providing pro bono services, or donating to a charity in the past year
A20: Notes: Following historical U.S. Census Bureau practice, formal volunteering rates are calculated as the estimated share of volunteers in the population over the estimated total civilian noninstitutional population, which includes respondents coded as "do not know," "refusal," and "no answer."​ The employer promotes volunteering measure was introduced to the CEV in 2021.

Sheet All Rates by State
A1: State | B1: State 2017 Formal Volunteering Rate | C1: State 2019 Formal Volunteering Rate | D1: State 2021 Formal Volunteering Rate | E1: State 2023 Formal Volunteering Rate | F1: State 2017 Organizational Membership Rate | G1: State 2019 Organizational Membership Rate | H1: State 2021 Organizational Membership Rate | I1: State 2023 Organizational Membership Rate | J1: State 2017 Charitable Giving Rate | K1: State 2019 Charitable Giving Rate | L1: State 2021 Charitable Giving Rate | M1: State 2023 Charitable Giving Rate | N1: State 2017 Informal Helping Rate | O1: State 2019 Informal Helping Rate | P1: State 2021 Informal Helping Rate | Q1: State 2023 Informal Helping Rate | R1: State 2017 Talking with Friends and Family Rate | S1: State 2019 Talking with Friends and Family Rate | T1: State 2021 Talking with Friends and Family Rate | U1: State 2023 Talking with Friends and Family Rate | V1: State 2017 Talking with Neighbors Rate | W1: State 2019 Talking with Neighbors Rate | X1: State 2021 Talking with Neighbors Rate | Y1: State 2023 Talking with Neighbors Rate | Z1: ='Learning About Issues'!B1 -> State 2017 Learning About Issues Rate | AA1: ='Learning About Issues'!C1 -> State 2019 Learning About Issues Rate | AB1: ='Learning About Issues'!D1 -> State 2021 Learning About Issues Rate | AC1: State 2023 Learning About Issues Rate | AD1: State 2017 Discussing Issues with Friends and Family Rate | AE1: State 2019 Discussing Issues with Friends and Family Rate | AF1: State 2021 Discussing Issues with Friends and Family Rate | AG1: State 2023 Discussing Issues with Friends and Family Rate | AH1: State 2017 Discussing Issues with Neighbors Rate | AI1: State 2019 Discussing Issues with Neighbors Rate | AJ1: State 2021 Discussing Issues with Neighbors Rate | AK1: State 2023 Discussing Issues with Neighbors Rate | AL1: State 2017 Posting Views Online Rate | AM1: State 2019 Posting Views Online Rate | AN1: State 2021 Posting Views Online Rate | AO1: State 2023 Posting Views Online Rate | AP1: State 2017 Voting in Local Elections Rate | AQ1: State 2019 Voting in Local Elections Rate | AR1: State 2021 Voting in Local Elections Rate | AS1: State 2023 Voting in Local Elections Rate | AT1: State 2017 Contacting Public Officials Rate | AU1: State 2019 Contacting Public Officials Rate | AV1: State 2021 Contacting Public Officials Rate | AW1: State 2023 Contacting Public Officials Rate | AX1: State 2017 Donating to a Political Cause Rate | AY1: State 2019 Donating to a Political Cause Rate | AZ1: State 2021 Donating to a Political Cause Rate | BA1: State 2023 Donating to a Political Cause Rate | BB1: State 2017 Attending Public Meetings Rate | BC1: State 2019 Attending Public Meetings Rate | BD1: State 2021 Attending Public Meetings Rate | BE1: State 2023 Attending Public Meetings Rate | BF1: State 2017 Taking Action with Neighbors Rate | BG1: State 2019 Taking Action with Neighbors Rate | BH1: State 2021 Taking Action with Neighbors Rate | BI1: State 2023 Taking Action with Neighbors Rate | BJ1: State 2017 Buycotting or Boycotting Rate | BK1: State 2019 Buycotting or Boycotting Rate | BL1: State 2021 Buycotting or Boycotting Rate | BM1: State 2023 Buycotting or Boycotting Rate | BN1: State 2021 Employer Promotes Volunteering Rate | BO1: State 2023 Employer Promotes Volunteering Rate
A2: AL | B2: 0.27398939 | C2: 0.25764271 | D2: 0.19543448 | E2: 0.1994202 | F2: 0.22115905 | G2: 0.22926222 | H2: 0.18445939 | I2: 0.1474839 | J2: 0.49894461 | K2: 0.50987243 | L2: 0.40108137 | M2: 0.4146908 | N2: 0.47416642 | O2: 0.49767599 | P2: 0.46415856 | Q2: 0.4730907 | R2: 0.9840864 | S2: 0.97817557 | T2: 0.97877132 | U2: 0.9670348 | V2: 0.76593989 | W2: 0.71189145 | X2: 0.68765636 | Y2: 0.6566281 | Z2: ='Learning About Issues'!B2 -> 0.8770315 | AA2: ='Learning About Issues'!C2 -> 0.82424142 | AB2: ='Learning About Issues'!D2 -> 0.74848113 | AC2: 0.8342356 | AD2: 0.7010269 | AE2: 0.64846014 | AF2: 0.67707534 | AG2: 0.6535252 | AH2: 0.3221135 | AI2: 0.30001605 | AJ2: 0.31553512 | AK2: 0.2940658 | AL2: 0.1963986 | AM2: 0.20830828 | AN2: 0.18039748 | AO2: 0.1355387 | AP2: 0.5562794 | AQ2: 0.62447834 | AR2: 0.49960748 | AS2: 0.5199717 | AT2: 0.0727482 | AU2: 0.08895217 | AV2: 0.07897876 | AW2: 0.0499533 | AX2: 0.0464582 | AY2: 0.06602825 | AZ2: 0.0523123 | BA2: 0.041657 | BB2: 0.0727567 | BC2: 0.09046351 | BD2: 0.07900686 | BE2: 0.0633949 | BF2: 0.1823462 | BG2: 0.1644158 | BH2: 0.15941605 | BI2: 0.1831129 | BJ2: 0.0694331 | BK2: 0.10454094 | BL2: 0.09494937 | BM2: 0.068009 | BN2: 0.34745277 | BO2: 0.3067537
A3: AK | B3: 0.40622791 | C3: 0.35459099 | D3: 0.27299883 | E3: 0.3360162 | F3: 0.36780831 | G3: 0.31482671 | H3: 0.25729808 | I3: 0.2834552 | J3: 0.54856098 | K3: 0.50190811 | L3: 0.47676007 | M3: 0.4881667 | N3: 0.5077662 | O3: 0.56270869 | P3: 0.54963916 | Q3: 0.6075747 | R3: 0.98350642 | S3: 0.98231062 | T3: 0.98856175 | U3: 0.9763235 | V3: 0.70467679 | W3: 0.71658874 | X3: 0.6649367 | Y3: 0.6897801 | Z3: ='Learning About Issues'!B3 -> 0.874469 | AA3: ='Learning About Issues'!C3 -> 0.87683584 | AB3: ='Learning About Issues'!D3 -> 0.8465384 | AC3: 0.7850072 | AD3: 0.7799842 | AE3: 0.73132552 | AF3: 0.76054783 | AG3: 0.6588181 | AH3: 0.3387725 | AI3: 0.33553803 | AJ3: 0.32940012 | AK3: 0.309768 | AL3: 0.259737 | AM3: 0.26809621 | AN3: 0.19123868 | AO3: 0.1871216 | AP3: 0.6505188 | AQ3: 0.65617908 | AR3: 0.67152464 | AS3: 0.6401849 | AT3: 0.216985 | AU3: 0.16455897 | AV3: 0.16534217 | AW3: 0.1393779 | AX3: 0.1024165 | AY3: 0.08601464 | AZ3: 0.11027952 | BA3: 0.0885359 | BB3: 0.1673515 | BC3: 0.16612853 | BD3: 0.14243863 | BE3: 0.1261431 | BF3: 0.2451755 | BG3: 0.26509321 | BH3: 0.20734681 | BI3: 0.2785641 | BJ3: 0.2181037 | BK3: 0.16529309 | BL3: 0.19226924 | BM3: 0.2265396 | BN3: 0.33217993 | BO3: 0.3459615
A4: AZ | B4: 0.30037335 | C4: 0.26187585 | D4: 0.2345181 | E4: 0.2998256 | F4: 0.25365473 | G4: 0.24043848 | H4: 0.2289331 | I4: 0.2315749 | J4: 0.51994809 | K4: 0.46569915 | L4: 0.48510914 | M4: 0.4934512 | N4: 0.47172193 | O4: 0.46904238 | P4: 0.465799 | Q4: 0.5238702 | R4: 0.97208314 | S4: 0.98152224 | T4: 0.98007615 | U4: 0.9537827 | V4: 0.64905807 | W4: 0.66310131 | X4: 0.6477308 | Y4: 0.6733648 | Z4: ='Learning About Issues'!B4 -> 0.848776 | AA4: ='Learning About Issues'!C4 -> 0.84793223 | AB4: ='Learning About Issues'!D4 -> 0.87769866 | AC4: 0.7727563 | AD4: 0.6981574 | AE4: 0.68208723 | AF4: 0.68791092 | AG4: 0.6291738 | AH4: 0.2496545 | AI4: 0.22278565 | AJ4: 0.25606871 | AK4: 0.2369221 | AL4: 0.2538105 | AM4: 0.21502534 | AN4: 0.18686125 | AO4: 0.1851728 | AP4: 0.5279256 | AQ4: 0.50964866 | AR4: 0.5899102 | AS4: 0.5541019 | AT4: 0.1134499 | AU4: 0.07862534 | AV4: 0.08947653 | AW4: 0.0786708 | AX4: 0.0737406 | AY4: 0.0670586 | AZ4: 0.08175834 | BA4: 0.0940182 | BB4: 0.0656714 | BC4: 0.08724856 | BD4: 0.0583371 | BE4: 0.0791832 | BF4: 0.1560887 | BG4: 0.17470646 | BH4: 0.15644343 | BI4: 0.2026567 | BJ4: 0.1587297 | BK4: 0.17413293 | BL4: 0.19301261 | BM4: 0.205149 | BN4: 0.40522914 | BO4: 0.3387186
A5: AR | B5: 0.29984052 | C5: 0.29722904 | D5: 0.20878917 | E5: 0.2822923 | F5: 0.28623815 | G5: 0.29938214 | H5: 0.23134178 | I5: 0.2575347 | J5: 0.48931495 | K5: 0.54344122 | L5: 0.52439926 | M5: 0.4646506 | N5: 0.49849246 | O5: 0.49767956 | P5: 0.50704396 | Q5: 0.5203446 | R5: 0.95975795 | S5: 0.98365129 | T5: 0.98348379 | U5: 0.9859899 | V5: 0.71723215 | W5: 0.6749164 | X5: 0.64969574 | Y5: 0.6753675 | Z5: ='Learning About Issues'!B5 -> 0.8764308 | AA5: ='Learning About Issues'!C5 -> 0.83575056 | AB5: ='Learning About Issues'!D5 -> 0.84187983 | AC5: 0.8129188 | AD5: 0.7055417 | AE5: 0.66401405 | AF5: 0.68718481 | AG5: 0.6492193 | AH5: 0.3004844 | AI5: 0.26148114 | AJ5: 0.26805536 | AK5: 0.2549284 | AL5: 0.2364537 | AM5: 0.19445716 | AN5: 0.22213097 | AO5: 0.1532157 | AP5: 0.4985995 | AQ5: 0.47891564 | AR5: 0.45516318 | AS5: 0.4496889 | AT5: 0.1317669 | AU5: 0.10272925 | AV5: 0.09579535 | AW5: 0.0882596 | AX5: 0.0614148 | AY5: 0.07751344 | AZ5: 0.06026305 | BA5: 0.0553037 | BB5: 0.0897603 | BC5: 0.11578134 | BD5: 0.06849847 | BE5: 0.0704369 | BF5: 0.1697831 | BG5: 0.19557914 | BH5: 0.14412957 | BI5: 0.1702168 | BJ5: 0.1371973 | BK5: 0.14162397 | BL5: 0.16648727 | BM5: 0.1653948 | BN5: 0.36033154 | BO5: 0.4225135
A6: CA | B6: 0.25442266 | C6: 0.24928005 | D6: 0.18313015 | E6: 0.2407034 | F6: 0.22452001 | G6: 0.23009966 | H6: 0.18326669 | I6: 0.2112691 | J6: 0.46954236 | K6: 0.44058743 | L6: 0.3903199 | M6: 0.4200826 | N6: 0.46153806 | O6: 0.45668061 | P6: 0.46076255 | Q6: 0.5082352 | R6: 0.97111106 | S6: 0.95229425 | T6: 0.94947049 | U6: 0.9620524 | V6: 0.69000713 | W6: 0.6496281 | X6: 0.64014094 | Y6: 0.6699674 | Z6: ='Learning About Issues'!B6 -> 0.8383771 | AA6: ='Learning About Issues'!C6 -> 0.79482072 | AB6: ='Learning About Issues'!D6 -> 0.80710778 | AC6: 0.7855844 | AD6: 0.6778666 | AE6: 0.66132711 | AF6: 0.65495312 | AG6: 0.6544725 | AH6: 0.2823289 | AI6: 0.26770813 | AJ6: 0.27168384 | AK6: 0.2700548 | AL6: 0.231096 | AM6: 0.18681928 | AN6: 0.2278391 | AO6: 0.1902811 | AP6: 0.4865851 | AQ6: 0.4889928 | AR6: 0.58413976 | AS6: 0.4909708 | AT6: 0.091698 | AU6: 0.07783975 | AV6: 0.07704098 | AW6: 0.073048 | AX6: 0.0891062 | AY6: 0.08640517 | AZ6: 0.10083366 | BA6: 0.0770777 | BB6: 0.1045767 | BC6: 0.09870118 | BD6: 0.08185274 | BE6: 0.0803877 | BF6: 0.1786877 | BG6: 0.17789398 | BH6: 0.15197121 | BI6: 0.1801377 | BJ6: 0.1371167 | BK6: 0.14539593 | BL6: 0.15640682 | BM6: 0.1705692 | BN6: 0.28999849 | BO6: 0.3412228
A7: CO | B7: 0.3240578 | C7: 0.42245179 | D7: 0.26173744 | E7: 0.3465381 | F7: 0.25560567 | G7: 0.33363695 | H7: 0.27358516 | I7: 0.3229072 | J7: 0.55476944 | K7: 0.64981965 | L7: 0.55509337 | M7: 0.6199477 | N7: 0.6125592 | O7: 0.63577546 | P7: 0.58861128 | Q7: 0.6741747 | R7: 0.98438889 | S7: 0.99416952 | T7: 0.96428699 | U7: 0.9882965 | V7: 0.76006352 | W7: 0.80091454 | X7: 0.70658837 | Y7: 0.8047994 | Z7: ='Learning About Issues'!B7 -> 0.8968322 | AA7: ='Learning About Issues'!C7 -> 0.91983486 | AB7: ='Learning About Issues'!D7 -> 0.83334761 | AC7: 0.8212721 | AD7: 0.7681131 | AE7: 0.81318641 | AF7: 0.73644084 | AG7: 0.7873104 | AH7: 0.3418025 | AI7: 0.34902919 | AJ7: 0.36292484 | AK7: 0.3786903 | AL7: 0.2068994 | AM7: 0.22987397 | AN7: 0.23641782 | AO7: 0.2516231 | AP7: 0.6019641 | AQ7: 0.65852219 | AR7: 0.7197678 | AS7: 0.6664218 | AT7: 0.1425611 | AU7: 0.11410176 | AV7: 0.12905754 | AW7: 0.1005117 | AX7: 0.1269956 | AY7: 0.14217428 | AZ7: 0.10709976 | BA7: 0.1514408 | BB7: 0.1111703 | BC7: 0.14461278 | BD7: 0.12248507 | BE7: 0.1137726 | BF7: 0.2127758 | BG7: 0.25315234 | BH7: 0.20733321 | BI7: 0.2219281 | BJ7: 0.1544031 | BK7: 0.23671118 | BL7: 0.26631574 | BM7: 0.2413301 | BN7: 0.32754717 | BO7: 0.4778262
A8: CT | B8: 0.31751188 | C8: 0.31406719 | D8: 0.28805603 | E8: 0.3737887 | F8: 0.26287278 | G8: 0.32618442 | H8: 0.223919 | I8: 0.3322204 | J8: 0.53023674 | K8: 0.54604913 | L8: 0.61493533 | M8: 0.5859021 | N8: 0.47603668 | O8: 0.50470304 | P8: 0.50198316 | Q8: 0.5246509 | R8: 0.98024833 | S8: 0.9911498 | T8: 0.9750259 | U8: 0.9873265 | V8: 0.73339913 | W8: 0.79910486 | X8: 0.70679212 | Y8: 0.7368222 | Z8: ='Learning About Issues'!B8 -> 0.8359991 | AA8: ='Learning About Issues'!C8 -> 0.84889218 | AB8: ='Learning About Issues'!D8 -> 0.8947517 | AC8: 0.8520027 | AD8: 0.7169171 | AE8: 0.67295365 | AF8: 0.78163664 | AG8: 0.7635678 | AH8: 0.3671092 | AI8: 0.36081032 | AJ8: 0.30186048 | AK8: 0.3129978 | AL8: 0.2279267 | AM8: 0.17179906 | AN8: 0.19754463 | AO8: 0.1175291 | AP8: 0.5135213 | AQ8: 0.53363767 | AR8: 0.56916429 | AS8: 0.5397179 | AT8: 0.1216133 | AU8: 0.12743739 | AV8: 0.10073433 | AW8: 0.1183532 | AX8: 0.0898126 | AY8: 0.09055376 | AZ8: 0.13472326 | BA8: 0.0734266 | BB8: 0.117955 | BC8: 0.13270982 | BD8: 0.09701527 | BE8: 0.1155324 | BF8: 0.1805798 | BG8: 0.24175871 | BH8: 0.20210198 | BI8: 0.1715302 | BJ8: 0.1491175 | BK8: 0.16165124 | BL8: 0.2015195 | BM8: 0.2051042 | BN8: 0.40698291 | BO8: 0.4232728
A9: DE | B9: 0.31813208 | C9: 0.3066739 | D9: 0.29839872 | E9: 0.3196905 | F9: 0.28560473 | G9: 0.3227496 | H9: 0.3091356 | I9: 0.2990403 | J9: 0.61459745 | K9: 0.55589455 | L9: 0.49295023 | M9: 0.4822581 | N9: 0.57792029 | O9: 0.65761861 | P9: 0.63933436 | Q9: 0.6477919 | R9: 0.94124759 | S9: 0.96694277 | T9: 0.94610634 | U9: 0.9676495 | V9: 0.80054359 | W9: 0.72650631 | X9: 0.78105361 | Y9: 0.7633035 | Z9: ='Learning About Issues'!B9 -> 0.8700636 | AA9: ='Learning About Issues'!C9 -> 0.90574445 | AB9: ='Learning About Issues'!D9 -> 0.85221917 | AC9: 0.8362169 | AD9: 0.6972445 | AE9: 0.72730064 | AF9: 0.72205519 | AG9: 0.6793668 | AH9: 0.3430826 | AI9: 0.33510663 | AJ9: 0.34813473 | AK9: 0.3449855 | AL9: 0.2182472 | AM9: 0.21410151 | AN9: 0.29746954 | AO9: 0.2372168 | AP9: 0.5317285 | AQ9: 0.58222979 | AR9: 0.40308832 | AS9: 0.4630148 | AT9: 0.1138995 | AU9: 0.10917238 | AV9: 0.10202998 | AW9: 0.0899787 | AX9: 0.1240352 | AY9: 0.07692649 | AZ9: 0.07500617 | BA9: 0.0740478 | BB9: 0.122794 | BC9: 0.10407392 | BD9: 0.08836163 | BE9: 0.0893401 | BF9: 0.2436262 | BG9: 0.27666039 | BH9: 0.23392235 | BI9: 0.2199921 | BJ9: 0.1116373 | BK9: 0.16997186 | BL9: 0.16115084 | BM9: 0.1674544 | BN9: 0.43207754 | BO9: 0.4208777
A10: DC | B10: 0.39764079 | C10: 0.39217463 | D10: 0.34236214 | E10: 0.3575284 | F10: 0.38109079 | G10: 0.36974739 | H10: 0.35506606 | I10: 0.3755419 | J10: 0.56106718 | K10: 0.52322356 | L10: 0.61381112 | M10: 0.6100679 | N10: 0.45694295 | O10: 0.48508628 | P10: 0.52747974 | Q10: 0.5316569 | R10: 0.96696474 | S10: 0.98710589 | T10: 0.98482246 | U10: 0.9902144 | V10: 0.75070246 | W10: 0.75069895 | X10: 0.72343664 | Y10: 0.7482318 | Z10: ='Learning About Issues'!B10 -> 0.9177248 | AA10: ='Learning About Issues'!C10 -> 0.90103974 | AB10: ='Learning About Issues'!D10 -> 0.93005694 | AC10: 0.9499244 | AD10: 0.8478515 | AE10: 0.85277289 | AF10: 0.89134527 | AG10: 0.8733155 | AH10: 0.469897 | AI10: 0.45646163 | AJ10: 0.49451971 | AK10: 0.4818998 | AL10: 0.3582723 | AM10: 0.24747689 | AN10: 0.33790306 | AO10: 0.2703819 | AP10: 0.6411015 | AQ10: 0.66590944 | AR10: 0.78450892 | AS10: 0.673277 | AT10: 0.2082772 | AU10: 0.17548733 | AV10: 0.16648815 | AW10: 0.1588858 | AX10: 0.2359744 | AY10: 0.18434907 | AZ10: 0.27943246 | BA10: 0.2066603 | BB10: 0.14527 | BC10: 0.14602578 | BD10: 0.14224748 | BE10: 0.1463087 | BF10: 0.3131212 | BG10: 0.32144233 | BH10: 0.27505204 | BI10: 0.2967476 | BJ10: 0.3077811 | BK10: 0.29148123 | BL10: 0.36220844 | BM10: 0.2967466 | BN10: 0.49817264 | BO10: 0.4558727
A11: FL | B11: 0.22814825 | C11: 0.24179211 | D11: 0.15852759 | E11: 0.2038833 | F11: 0.19152846 | G11: 0.21001489 | H11: 0.1781889 | I11: 0.2073132 | J11: 0.43167192 | K11: 0.41352124 | L11: 0.36807879 | M11: 0.3952212 | N11: 0.50852623 | O11: 0.46865842 | P11: 0.44574935 | Q11: 0.4750128 | R11: 0.953841 | S11: 0.9600402 | T11: 0.9321793 | U11: 0.9385329 | V11: 0.75184193 | W11: 0.67472528 | X11: 0.64215172 | Y11: 0.6709053 | Z11: ='Learning About Issues'!B11 -> 0.8144927 | AA11: ='Learning About Issues'!C11 -> 0.77097421 | AB11: ='Learning About Issues'!D11 -> 0.76488786 | AC11: 0.7603147 | AD11: 0.634576 | AE11: 0.62032335 | AF11: 0.62824969 | AG11: 0.6262947 | AH11: 0.3128348 | AI11: 0.27309675 | AJ11: 0.27913405 | AK11: 0.262651 | AL11: 0.1838238 | AM11: 0.18328715 | AN11: 0.20234896 | AO11: 0.1776913 | AP11: 0.4973954 | AQ11: 0.53389176 | AR11: 0.54387099 | AS11: 0.4960463 | AT11: 0.0835449 | AU11: 0.07594785 | AV11: 0.07021876 | AW11: 0.0629162 | AX11: 0.0739699 | AY11: 0.07974082 | AZ11: 0.08305094 | BA11: 0.0576121 | BB11: 0.0849563 | BC11: 0.08802153 | BD11: 0.06624098 | BE11: 0.0839998 | BF11: 0.2361771 | BG11: 0.17758983 | BH11: 0.15464978 | BI11: 0.2130895 | BJ11: 0.1102821 | BK11: 0.09999829 | BL11: 0.10785292 | BM11: 0.1276705 | BN11: 0.29208886 | BO11: 0.3070354
A12: GA | B12: 0.26504428 | C12: 0.28188341 | D12: 0.19887582 | E12: 0.2562863 | F12: 0.20928037 | G12: 0.22030854 | H12: 0.22374326 | I12: 0.226441 | J12: 0.46000691 | K12: 0.4813987 | L12: 0.46011902 | M12: 0.4435365 | N12: 0.43373539 | O12: 0.45097909 | P12: 0.40780444 | Q12: 0.4731008 | R12: 0.96957007 | S12: 0.96063559 | T12: 0.93630597 | U12: 0.9612912 | V12: 0.6656816 | W12: 0.63924423 | X12: 0.5800645 | Y12: 0.6393305 | Z12: ='Learning About Issues'!B12 -> 0.8394332 | AA12: ='Learning About Issues'!C12 -> 0.80108636 | AB12: ='Learning About Issues'!D12 -> 0.79284118 | AC12: 0.8180411 | AD12: 0.7106653 | AE12: 0.67278881 | AF12: 0.67482157 | AG12: 0.7019295 | AH12: 0.3030356 | AI12: 0.28696785 | AJ12: 0.28374127 | AK12: 0.2724387 | AL12: 0.2209735 | AM12: 0.17740534 | AN12: 0.18453277 | AO12: 0.1876799 | AP12: 0.495337 | AQ12: 0.53616129 | AR12: 0.54898641 | AS12: 0.5686822 | AT12: 0.0834497 | AU12: 0.09226408 | AV12: 0.09562917 | AW12: 0.0703395 | AX12: 0.0826908 | AY12: 0.07284259 | AZ12: 0.09780828 | BA12: 0.0688813 | BB12: 0.101368 | BC12: 0.10495565 | BD12: 0.08185764 | BE12: 0.1152183 | BF12: 0.1725173 | BG12: 0.18319809 | BH12: 0.14532689 | BI12: 0.2427384 | BJ12: 0.1234459 | BK12: 0.12850101 | BL12: 0.14428337 | BM12: 0.1039982 | BN12: 0.33192327 | BO12: 0.3918816
A13: HI | B13: 0.27989778 | C13: 0.32096253 | D13: 0.19742954 | E13: 0.2938612 | F13: 0.24364988 | G13: 0.27092258 | H13: 0.22812675 | I13: 0.2399288 | J13: 0.50502291 | K13: 0.49238077 | L13: 0.44968553 | M13: 0.5759759 | N13: 0.44554848 | O13: 0.44139588 | P13: 0.43523234 | Q13: 0.4830341 | R13: 0.95269906 | S13: 0.96469333 | T13: 0.96306797 | U13: 0.9779126 | V13: 0.72425725 | W13: 0.65487619 | X13: 0.64541265 | Y13: 0.6748865 | Z13: ='Learning About Issues'!B13 -> 0.8497063 | AA13: ='Learning About Issues'!C13 -> 0.85898929 | AB13: ='Learning About Issues'!D13 -> 0.87249951 | AC13: 0.903201 | AD13: 0.6511411 | AE13: 0.67432702 | AF13: 0.69875335 | AG13: 0.7572066 | AH13: 0.3139895 | AI13: 0.28397371 | AJ13: 0.27749956 | AK13: 0.3091586 | AL13: 0.202259 | AM13: 0.15998313 | AN13: 0.13744508 | AO13: 0.1711055 | AP13: 0.4856606 | AQ13: 0.51152393 | AR13: 0.58872074 | AS13: 0.5516905 | AT13: 0.1100213 | AU13: 0.09244406 | AV13: 0.07704385 | AW13: 0.0768553 | AX13: 0.0728004 | AY13: 0.05503709 | AZ13: 0.06723976 | BA13: 0.0737842 | BB13: 0.0997593 | BC13: 0.10827886 | BD13: 0.06824231 | BE13: 0.1003458 | BF13: 0.1971287 | BG13: 0.1759008 | BH13: 0.12547505 | BI13: 0.1532963 | BJ13: 0.1148189 | BK13: 0.1086652 | BL13: 0.10585138 | BM13: 0.119596 | BN13: 0.33703757 | BO13: 0.388143
... A52: WY | B52: 0.32733457 | C52: 0.3097513 | D52: 0.39200924 | E52: 0.334568 | F52: 0.2982759 | G52: 0.33801938 | H52: 0.35972858 | I52: 0.3084228 | J52: 0.47198548 | K52: 0.49224806 | L52: 0.52176462 | M52: 0.4908455 | N52: 0.54047354 | O52: 0.52260974 | P52: 0.58529189 | Q52: 0.6053988 | R52: 0.97393244 | S52: 0.98205255 | T52: 0.98036602 | U52: 0.9872379 | V52: 0.77173237 | W52: 0.69694322 | X52: 0.74791789 | Y52: 0.7462429 | Z52: ='Learning About Issues'!B52 -> 0.9142519 | AA52: ='Learning About Issues'!C52 -> 0.88715073 | AB52: ='Learning About Issues'!D52 -> 0.88264453 | AC52: 0.7961796 | AD52: 0.7497049 | AE52: 0.7308846 | AF52: 0.79398232 | AG52: 0.6985625 | AH52: 0.3272776 | AI52: 0.29352169 | AJ52: 0.39822721 | AK52: 0.3080138 | AL52: 0.2479386 | AM52: 0.29101781 | AN52: 0.26241656 | AO52: 0.2028714 | AP52: 0.5972273 | AQ52: 0.58157555 | AR52: 0.65805027 | AS52: 0.5668076 | AT52: 0.1682236 | AU52: 0.18125575 | AV52: 0.18192813 | AW52: 0.146508 | AX52: 0.0637668 | AY52: 0.06829165 | AZ52: 0.08891182 | BA52: 0.0709439 | BB52: 0.1663834 | BC52: 0.16809213 | BD52: 0.16094603 | BE52: 0.1422541 | BF52: 0.1973124 | BG52: 0.23522255 | BH52: 0.2941292 | BI52: 0.2587212 | BJ52: 0.1554067 | BK52: 0.20080557 | BL52: 0.25759336 | BM52: 0.2253434 | BN52: 0.37488044 | BO52: 0.3526348

Sheet Formal Volunteering
A1: State | B1: State 2017 Formal Volunteering Rate | C1: State 2019 Formal Volunteering Rate | D1: State 2021 Formal Volunteering Rate | E1: State 2023 Formal Volunteering Rate
A2: AL | B2: 0.27398939 | C2: 0.25764271 | D2: 0.19543448 | E2: 0.1994202
A3: AK | B3: 0.40622791 | C3: 0.35459099 | D3: 0.27299883 | E3: 0.3360162
A4: AZ | B4: 0.30037335 | C4: 0.26187585 | D4: 0.2345181 | E4: 0.2998256
A5: AR | B5: 0.29984052 | C5: 0.29722904 | D5: 0.20878917 | E5: 0.2822923
A6: CA | B6: 0.25442266 | C6: 0.24928005 | D6: 0.18313015 | E6: 0.2407034
A7: CO | B7: 0.3240578 | C7: 0.42245179 | D7: 0.26173744 | E7: 0.3465381
A8: CT | B8: 0.31751188 | C8: 0.31406719 | D8: 0.28805603 | E8: 0.3737887
A9: DE | B9: 0.31813208 | C9: 0.3066739 | D9: 0.29839872 | E9: 0.3196905
A10: DC | B10: 0.39764079 | C10: 0.39217463 | D10: 0.34236214 | E10: 0.3575284
A11: FL | B11: 0.22814825 | C11: 0.24179211 | D11: 0.15852759 | E11: 0.2038833
A12: GA | B12: 0.26504428 | C12: 0.28188341 | D12: 0.19887582 | E12: 0.2562863
A13: HI | B13: 0.27989778 | C13: 0.32096253 | D13: 0.19742954 | E13: 0.2938612
... A52: WY | B52: 0.32733457 | C52: 0.3097513 | D52: 0.39200924 | E52: 0.334568
A54: Note: Rates reflect the estimated share of state residents who spent any time volunteering for any organization or assocation in the past year. Following historical U.S. Census Bureau practice, rates are calculated as the estimated share of volunteers in the population over the estimated total civilian noninstitutional population, which includes respondents coded as "do not know," "refusal," and "no answer."​

Sheet Organizational Membership
A1: State | B1: State 2017 Organizational Membership Rate | C1: State 2019 Organizational Membership Rate | D1: State 2021 Organizational Membership Rate | E1: State 2023 Organizational Membership Rate
A2: AL | B2: 0.22115905 | C2: 0.22926222 | D2: 0.18445939 | E2: 0.1474839
A3: AK | B3: 0.36780831 | C3: 0.31482671 | D3: 0.25729808 | E3: 0.2834552
A4: AZ | B4: 0.25365473 | C4: 0.24043848 | D4: 0.2289331 | E4: 0.2315749
A5: AR | B5: 0.28623815 | C5: 0.29938214 | D5: 0.23134178 | E5: 0.2575347
A6: CA | B6: 0.22452001 | C6: 0.23009966 | D6: 0.18326669 | E6: 0.2112691
A7: CO | B7: 0.25560567 | C7: 0.33363695 | D7: 0.27358516 | E7: 0.3229072
A8: CT | B8: 0.26287278 | C8: 0.32618442 | D8: 0.223919 | E8: 0.3322204
A9: DE | B9: 0.28560473 | C9: 0.3227496 | D9: 0.3091356 | E9: 0.2990403
A10: DC | B10: 0.38109079 | C10: 0.36974739 | D10: 0.35506606 | E10: 0.3755419
A11: FL | B11: 0.19152846 | C11: 0.21001489 | D11: 0.1781889 | E11: 0.2073132
A12: GA | B12: 0.20928037 | C12: 0.22030854 | D12: 0.22374326 | E12: 0.226441
A13: HI | B13: 0.24364988 | C13: 0.27092258 | D13: 0.22812675 | E13: 0.2399288
... A52: WY | B52: 0.2982759 | C52: 0.33801938 | D52: 0.35972858 | E52: 0.3084228
A54: Note: Rates reflect the estimated share of state residents who belonged to any groups, organizations, or associations in the past year.

Sheet Charitable Giving
A1: State | B1: State 2017 Charitable Giving Rate | C1: State 2019 Charitable Giving Rate | D1: State 2021 Charitable Giving Rate | E1: State 2023 Charitable Giving Rate
A2: AL | B2: 0.49894461 | C2: 0.50987243 | D2: 0.40108137 | E2: 0.4146908
A3: AK | B3: 0.54856098 | C3: 0.50190811 | D3: 0.47676007 | E3: 0.4881667
A4: AZ | B4: 0.51994809 | C4: 0.46569915 | D4: 0.48510914 | E4: 0.4934512
A5: AR | B5: 0.48931495 | C5: 0.54344122 | D5: 0.52439926 | E5: 0.4646506
A6: CA | B6: 0.46954236 | C6: 0.44058743 | D6: 0.3903199 | E6: 0.4200826
A7: CO | B7: 0.55476944 | C7: 0.64981965 | D7: 0.55509337 | E7: 0.6199477
A8: CT | B8: 0.53023674 | C8: 0.54604913 | D8: 0.61493533 | E8: 0.5859021
A9: DE | B9: 0.61459745 | C9: 0.55589455 | D9: 0.49295023 | E9: 0.4822581
A10: DC | B10: 0.56106718 | C10: 0.52322356 | D10: 0.61381112 | E10: 0.6100679
A11: FL | B11: 0.43167192 | C11: 0.41352124 | D11: 0.36807879 | E11: 0.3952212
A12: GA | B12: 0.46000691 | C12: 0.4813987 | D12: 0.46011902 | E12: 0.4435365
A13: HI | B13: 0.50502291 | C13: 0.49238077 | D13: 0.44968553 | E13: 0.5759759
... A52: WY | B52: 0.47198548 | C52: 0.49224806 | D52: 0.52176462 | E52: 0.4908455
A54: Note: Rates reflect the estimated share of state residents who gave money or possessions with a combined value of more than $25 to a non-political group or organization such as a charity, school, or religious organization in the past year.

Sheet Informal Helping
A1: State | B1: State 2017 Informal Helping Rate | C1: State 2019 Informal Helping Rate | D1: State 2021 Informal Helping Rate | E1: State 2023 Informal Helping Rate
A2: AL | B2: 0.47416642 | C2: 0.49767599 | D2: 0.46415856 | E2: 0.4730907
A3: AK | B3: 0.5077662 | C3: 0.56270869 | D3: 0.54963916 | E3: 0.6075747
A4: AZ | B4: 0.47172193 | C4: 0.46904238 | D4: 0.465799 | E4: 0.5238702
A5: AR | B5: 0.49849246 | C5: 0.49767956 | D5: 0.50704396 | E5: 0.5203446
A6: CA | B6: 0.46153806 | C6: 0.45668061 | D6: 0.46076255 | E6: 0.5082352
A7: CO | B7: 0.6125592 | C7: 0.63577546 | D7: 0.58861128 | E7: 0.6741747
A8: CT | B8: 0.47603668 | C8: 0.50470304 | D8: 0.50198316 | E8: 0.5246509
A9: DE | B9: 0.57792029 | C9: 0.65761861 | D9: 0.63933436 | E9: 0.6477919
A10: DC | B10: 0.45694295 | C10: 0.48508628 | D10: 0.52747974 | E10: 0.5316569
A11: FL | B11: 0.50852623 | C11: 0.46865842 | D11: 0.44574935 | E11: 0.4750128
A12: GA | B12: 0.43373539 | C12: 0.45097909 | D12: 0.40780444 | E12: 0.4731008
A13: HI | B13: 0.44554848 | C13: 0.44139588 | D13: 0.43523234 | E13: 0.4830341
... A52: WY | B52: 0.54047354 | C52: 0.52260974 | D52: 0.58529189 | E52: 0.6053988
A54: Note: Rates reflect the estimated share of state residents who did favors for each other such as house sitting, watching each other’s children, lending tools, and other things to help each other at least once in the past year.

Sheet Talking with Friends and Family
A1: State | B1: State 2017 Talking with Friends and Family Rate | C1: State 2019 Talking with Friends and Family Rate | D1: State 2021 Talking with Friends and Family Rate | E1: State 2023 Talking with Friends and Family Rate
A2: AL | B2: 0.9840864 | C2: 0.97817557 | D2: 0.97877132 | E2: 0.9670348
A3: AK | B3: 0.98350642 | C3: 0.98231062 | D3: 0.98856175 | E3: 0.9763235
A4: AZ | B4: 0.97208314 | C4: 0.98152224 | D4: 0.98007615 | E4: 0.9537827
A5: AR | B5: 0.95975795 | C5: 0.98365129 | D5: 0.98348379 | E5: 0.9859899
A6: CA | B6: 0.97111106 | C6: 0.95229425 | D6: 0.94947049 | E6: 0.9620524
A7: CO | B7: 0.98438889 | C7: 0.99416952 | D7: 0.96428699 | E7: 0.9882965
A8: CT | B8: 0.98024833 | C8: 0.9911498 | D8: 0.9750259 | E8: 0.9873265
A9: DE | B9: 0.94124759 | C9: 0.96694277 | D9: 0.94610634 | E9: 0.9676495
A10: DC | B10: 0.96696474 | C10: 0.98710589 | D10: 0.98482246 | E10: 0.9902144
A11: FL | B11: 0.953841 | C11: 0.9600402 | D11: 0.9321793 | E11: 0.9385329
A12: GA | B12: 0.96957007 | C12: 0.96063559 | D12: 0.93630597 | E12: 0.9612912
A13: HI | B13: 0.95269906 | C13: 0.96469333 | D13: 0.96306797 | E13: 0.9779126
... A52: WY | B52: 0.97393244 | C52: 0.98205255 | D52: 0.98036602 | E52: 0.9872379
A54: Note: Rates reflect the estimated share of state residents who talked to or spent time with friends and family at least once in the past year.

Sheet Talking with Neighbors
A1: State | B1: State 2017 Talking with Neighbors Rate | C1: State 2019 Talking with Neighbors Rate | D1: State 2021 Talking with Neighbors Rate | E1: State 2023 Talking with Neighbors Rate
A2: AL | B2: 0.76593989 | C2: 0.71189145 | D2: 0.68765636 | E2: 0.6566281
A3: AK | B3: 0.70467679 | C3: 0.71658874 | D3: 0.6649367 | E3: 0.6897801
A4: AZ | B4: 0.64905807 | C4: 0.66310131 | D4: 0.6477308 | E4: 0.6733648
A5: AR | B5: 0.71723215 | C5: 0.6749164 | D5: 0.64969574 | E5: 0.6753675
A6: CA | B6: 0.69000713 | C6: 0.6496281 | D6: 0.64014094 | E6: 0.6699674
A7: CO | B7: 0.76006352 | C7: 0.80091454 | D7: 0.70658837 | E7: 0.8047994
A8: CT | B8: 0.73339913 | C8: 0.79910486 | D8: 0.70679212 | E8: 0.7368222
A9: DE | B9: 0.80054359 | C9: 0.72650631 | D9: 0.78105361 | E9: 0.7633035
A10: DC | B10: 0.75070246 | C10: 0.75069895 | D10: 0.72343664 | E10: 0.7482318
A11: FL | B11: 0.75184193 | C11: 0.67472528 | D11: 0.64215172 | E11: 0.6709053
A12: GA | B12: 0.6656816 | C12: 0.63924423 | D12: 0.5800645 | E12: 0.6393305
A13: HI | B13: 0.72425725 | C13: 0.65487619 | D13: 0.64541265 | E13: 0.6748865
... A52: WY | B52: 0.77173237 | C52: 0.69694322 | D52: 0.74791789 | E52: 0.7462429
A54: Note: Rates reflect the estimated share of state residents who had a conversation or spent time with their neighbors at least once in the past year.

Sheet Learning About Issues
A1: State | B1: State 2017 Learning About Issues Rate | C1: State 2019 Learning About Issues Rate | D1: State 2021 Learning About Issues Rate | E1: State 2023 Learning About Issues Rate
A2: AL | B2: 0.8770315 | C2: 0.82424142 | D2: 0.74848113 | E2: 0.8342356
A3: AK | B3: 0.874469 | C3: 0.87683584 | D3: 0.8465384 | E3: 0.7850072
A4: AZ | B4: 0.848776 | C4: 0.84793223 | D4: 0.87769866 | E4: 0.7727563
A5: AR | B5: 0.8764308 | C5: 0.83575056 | D5: 0.84187983 | E5: 0.8129188
A6: CA | B6: 0.8383771 | C6: 0.79482072 | D6: 0.80710778 | E6: 0.7855844
A7: CO | B7: 0.8968322 | C7: 0.91983486 | D7: 0.83334761 | E7: 0.8212721
A8: CT | B8: 0.8359991 | C8: 0.84889218 | D8: 0.8947517 | E8: 0.8520027
A9: DE | B9: 0.8700636 | C9: 0.90574445 | D9: 0.85221917 | E9: 0.8362169
A10: DC | B10: 0.9177248 | C10: 0.90103974 | D10: 0.93005694 | E10: 0.9499244
A11: FL | B11: 0.8144927 | C11: 0.77097421 | D11: 0.76488786 | E11: 0.7603147
A12: GA | B12: 0.8394332 | C12: 0.80108636 | D12: 0.79284118 | E12: 0.8180411
A13: HI | B13: 0.8497063 | C13: 0.85898929 | D13: 0.87249951 | E13: 0.903201
... A52: WY | B52: 0.9142519 | C52: 0.88715073 | D52: 0.88264453 | E52: 0.7961796
A54: Note: Rates reflect the estimated share of state residents who read, watched or listened to news or information about political, societal, or local issues at least once in the past year.

Sheet Discuss Issues Friends Family
A1: State | B1: State 2017 Discussing Issues with Friends and Family Rate | C1: State 2019 Discussing Issues with Friends and Family Rate | D1: State 2021 Discussing Issues with Friends and Family Rate | E1: State 2023 Discussing Issues with Friends and Family Rate
A2: AL | B2: 0.7010269 | C2: 0.64846014 | D2: 0.67707534 | E2: 0.6535252
A3: AK | B3: 0.7799842 | C3: 0.73132552 | D3: 0.76054783 | E3: 0.6588181
A4: AZ | B4: 0.6981574 | C4: 0.68208723 | D4: 0.68791092 | E4: 0.6291738
A5: AR | B5: 0.7055417 | C5: 0.66401405 | D5: 0.68718481 | E5: 0.6492193
A6: CA | B6: 0.6778666 | C6: 0.66132711 | D6: 0.65495312 | E6: 0.6544725
A7: CO | B7: 0.7681131 | C7: 0.81318641 | D7: 0.73644084 | E7: 0.7873104
A8: CT | B8: 0.7169171 | C8: 0.67295365 | D8: 0.78163664 | E8: 0.7635678
A9: DE | B9: 0.6972445 | C9: 0.72730064 | D9: 0.72205519 | E9: 0.6793668
A10: DC | B10: 0.8478515 | C10: 0.85277289 | D10: 0.89134527 | E10: 0.8733155
A11: FL | B11: 0.634576 | C11: 0.62032335 | D11: 0.62824969 | E11: 0.6262947
A12: GA | B12: 0.7106653 | C12: 0.67278881 | D12: 0.67482157 | E12: 0.7019295
A13: HI | B13: 0.6511411 | C13: 0.67432702 | D13: 0.69875335 | E13: 0.7572066
... A52: WY | B52: 0.7497049 | C52: 0.7308846 | D52: 0.79398232 | E52: 0.6985625
A54: Note: Rates reflects the estimated share of state residents who discussed political, societal, or local issues with friends or family at least once in the past year.

Sheet Discuss Issues with Neighbors
A1: State | B1: State 2017 Discussing Issues with Neighbors Rate | C1: State 2019 Discussing Issues with Neighbors Rate | D1: State 2021 Discussing Issues with Neighbors Rate | E1: State 2023 Discussing Issues with Neighbors Rate
A2: AL | B2: 0.3221135 | C2: 0.30001605 | D2: 0.31553512 | E2: 0.2940658
A3: AK | B3: 0.3387725 | C3: 0.33553803 | D3: 0.32940012 | E3: 0.309768
A4: AZ | B4: 0.2496545 | C4: 0.22278565 | D4: 0.25606871 | E4: 0.2369221
A5: AR | B5: 0.3004844 | C5: 0.26148114 | D5: 0.26805536 | E5: 0.2549284
A6: CA | B6: 0.2823289 | C6: 0.26770813 | D6: 0.27168384 | E6: 0.2700548
A7: CO | B7: 0.3418025 | C7: 0.34902919 | D7: 0.36292484 | E7: 0.3786903
A8: CT | B8: 0.3671092 | C8: 0.36081032 | D8: 0.30186048 | E8: 0.3129978
A9: DE | B9: 0.3430826 | C9: 0.33510663 | D9: 0.34813473 | E9: 0.3449855
A10: DC | B10: 0.469897 | C10: 0.45646163 | D10: 0.49451971 | E10: 0.4818998
A11: FL | B11: 0.3128348 | C11: 0.27309675 | D11: 0.27913405 | E11: 0.262651
A12: GA | B12: 0.3030356 | C12: 0.28696785 | D12: 0.28374127 | E12: 0.2724387
A13: HI | B13: 0.3139895 | C13: 0.28397371 | D13: 0.27749956 | E13: 0.3091586
... A52: WY | B52: 0.3272776 | C52: 0.29352169 | D52: 0.39822721 | E52: 0.3080138
A54: Note: Rates reflects the estimated share of state residents who discussed political, societal, or local issues with neighbors at least once in the past year.

Sheet Posting Views Online
A1: State | B1: State 2017 Posting Views Online Rate | C1: State 2019 Posting Views Online Rate | D1: State 2021 Posting Views Online Rate | E1: State 2023 Posting Views Online Rate
A2: AL | B2: 0.1963986 | C2: 0.20830828 | D2: 0.18039748 | E2: 0.1355387
A3: AK | B3: 0.259737 | C3: 0.26809621 | D3: 0.19123868 | E3: 0.1871216
A4: AZ | B4: 0.2538105 | C4: 0.21502534 | D4: 0.18686125 | E4: 0.1851728
A5: AR | B5: 0.2364537 | C5: 0.19445716 | D5: 0.22213097 | E5: 0.1532157
A6: CA | B6: 0.231096 | C6: 0.18681928 | D6: 0.2278391 | E6: 0.1902811
A7: CO | B7: 0.2068994 | C7: 0.22987397 | D7: 0.23641782 | E7: 0.2516231
A8: CT | B8: 0.2279267 | C8: 0.17179906 | D8: 0.19754463 | E8: 0.1175291
A9: DE | B9: 0.2182472 | C9: 0.21410151 | D9: 0.29746954 | E9: 0.2372168
A10: DC | B10: 0.3582723 | C10: 0.24747689 | D10: 0.33790306 | E10: 0.2703819
A11: FL | B11: 0.1838238 | C11: 0.18328715 | D11: 0.20234896 | E11: 0.1776913
A12: GA | B12: 0.2209735 | C12: 0.17740534 | D12: 0.18453277 | E12: 0.1876799
A13: HI | B13: 0.202259 | C13: 0.15998313 | D13: 0.13744508 | E13: 0.1711055
... A52: WY | B52: 0.2479386 | C52: 0.29101781 | D52: 0.26241656 | E52: 0.2028714
A54: Note: Rates reflect the estimated share of state residents who posted views about political, societal, or local issues on the internet or social media at least once in the past year.

Sheet Voting in Local Elections
A1: State | B1: State 2017 Voting in Local Elections Rate | C1: State 2019 Voting in Local Elections Rate | D1: State 2021 Voting in Local Elections Rate | E1: State 2023 Voting in Local Elections Rate
A2: AL | B2: 0.5562794 | C2: 0.62447834 | D2: 0.49960748 | E2: 0.5199717
A3: AK | B3: 0.6505188 | C3: 0.65617908 | D3: 0.67152464 | E3: 0.6401849
A4: AZ | B4: 0.5279256 | C4: 0.50964866 | D4: 0.5899102 | E4: 0.5541019
A5: AR | B5: 0.4985995 | C5: 0.47891564 | D5: 0.45516318 | E5: 0.4496889
A6: CA | B6: 0.4865851 | C6: 0.4889928 | D6: 0.58413976 | E6: 0.4909708
A7: CO | B7: 0.6019641 | C7: 0.65852219 | D7: 0.7197678 | E7: 0.6664218
A8: CT | B8: 0.5135213 | C8: 0.53363767 | D8: 0.56916429 | E8: 0.5397179
A9: DE | B9: 0.5317285 | C9: 0.58222979 | D9: 0.40308832 | E9: 0.4630148
A10: DC | B10: 0.6411015 | C10: 0.66590944 | D10: 0.78450892 | E10: 0.673277
A11: FL | B11: 0.4973954 | C11: 0.53389176 | D11: 0.54387099 | E11: 0.4960463
A12: GA | B12: 0.495337 | C12: 0.53616129 | D12: 0.54898641 | E12: 0.5686822
A13: HI | B13: 0.4856606 | C13: 0.51152393 | D13: 0.58872074 | E13: 0.5516905
... A52: WY | B52: 0.5972273 | C52: 0.58157555 | D52: 0.65805027 | E52: 0.5668076
A54: Note: Rates reflect the estimated share of state residents aged 18 and over who were eligible and voted in the last local election, such as for mayor or school board, in the past year.

Sheet Contacting Public Officials
A1: State | B1: State 2017 Contacting Public Officials Rate | C1: State 2019 Contacting Public Officials Rate | D1: State 2021 Contacting Public Officials Rate | E1: State 2023 Contacting Public Officials Rate
A2: AL | B2: 0.0727482 | C2: 0.08895217 | D2: 0.07897876 | E2: 0.0499533
A3: AK | B3: 0.216985 | C3: 0.16455897 | D3: 0.16534217 | E3: 0.1393779
A4: AZ | B4: 0.1134499 | C4: 0.07862534 | D4: 0.08947653 | E4: 0.0786708
A5: AR | B5: 0.1317669 | C5: 0.10272925 | D5: 0.09579535 | E5: 0.0882596
A6: CA | B6: 0.091698 | C6: 0.07783975 | D6: 0.07704098 | E6: 0.073048
A7: CO | B7: 0.1425611 | C7: 0.11410176 | D7: 0.12905754 | E7: 0.1005117
A8: CT | B8: 0.1216133 | C8: 0.12743739 | D8: 0.10073433 | E8: 0.1183532
A9: DE | B9: 0.1138995 | C9: 0.10917238 | D9: 0.10202998 | E9: 0.0899787
A10: DC | B10: 0.2082772 | C10: 0.17548733 | D10: 0.16648815 | E10: 0.1588858
A11: FL | B11: 0.0835449 | C11: 0.07594785 | D11: 0.07021876 | E11: 0.0629162
A12: GA | B12: 0.0834497 | C12: 0.09226408 | D12: 0.09562917 | E12: 0.0703395
A13: HI | B13: 0.1100213 | C13: 0.09244406 | D13: 0.07704385 | E13: 0.0768553
... A52: WY | B52: 0.1682236 | C52: 0.18125575 | D52: 0.18192813 | E52: 0.146508
A54: Note: Rates reflect the estimated share of state residents who contacted or visited a public official – at any level of government – to express an opinion in the past year.

Sheet Donating to a Political Cause
A1: State | B1: State 2017 Donating to a Political Cause Rate | C1: State 2019 Donating to a Political Cause Rate | D1: State 2021 Donating to a Political Cause Rate | E1: State 2023 Donating to a Political Cause Rate
A2: AL | B2: 0.0464582 | C2: 0.06602825 | D2: 0.0523123 | E2: 0.041657
A3: AK | B3: 0.1024165 | C3: 0.08601464 | D3: 0.11027952 | E3: 0.0885359
A4: AZ | B4: 0.0737406 | C4: 0.0670586 | D4: 0.08175834 | E4: 0.0940182
A5: AR | B5: 0.0614148 | C5: 0.07751344 | D5: 0.06026305 | E5: 0.0553037
A6: CA | B6: 0.0891062 | C6: 0.08640517 | D6: 0.10083366 | E6: 0.0770777
A7: CO | B7: 0.1269956 | C7: 0.14217428 | D7: 0.10709976 | E7: 0.1514408
A8: CT | B8: 0.0898126 | C8: 0.09055376 | D8: 0.13472326 | E8: 0.0734266
A9: DE | B9: 0.1240352 | C9: 0.07692649 | D9: 0.07500617 | E9: 0.0740478
A10: DC | B10: 0.2359744 | C10: 0.18434907 | D10: 0.27943246 | E10: 0.2066603
A11: FL | B11: 0.0739699 | C11: 0.07974082 | D11: 0.08305094 | E11: 0.0576121
A12: GA | B12: 0.0826908 | C12: 0.07284259 | D12: 0.09780828 | E12: 0.0688813
A13: HI | B13: 0.0728004 | C13: 0.05503709 | D13: 0.06723976 | E13: 0.0737842
... A52: WY | B52: 0.0637668 | C52: 0.06829165 | D52: 0.08891182 | E52: 0.0709439
A54: Note: Rates reflect the estimated share of state residents who gave money or possessions with a combined value of more than $25 to a political organization, party, or campaign in the past year.

Sheet Attending Public Meetings
A1: State | B1: State 2017 Attending Public Meetings Rate | C1: State 2019 Attending Public Meetings Rate | D1: State 2021 Attending Public Meetings Rate | E1: State 2023 Attending Public Meetings Rate
A2: AL | B2: 0.0727567 | C2: 0.09046351 | D2: 0.07900686 | E2: 0.0633949
A3: AK | B3: 0.1673515 | C3: 0.16612853 | D3: 0.14243863 | E3: 0.1261431
A4: AZ | B4: 0.0656714 | C4: 0.08724856 | D4: 0.0583371 | E4: 0.0791832
A5: AR | B5: 0.0897603 | C5: 0.11578134 | D5: 0.06849847 | E5: 0.0704369
A6: CA | B6: 0.1045767 | C6: 0.09870118 | D6: 0.08185274 | E6: 0.0803877
A7: CO | B7: 0.1111703 | C7: 0.14461278 | D7: 0.12248507 | E7: 0.1137726
A8: CT | B8: 0.117955 | C8: 0.13270982 | D8: 0.09701527 | E8: 0.1155324
A9: DE | B9: 0.122794 | C9: 0.10407392 | D9: 0.08836163 | E9: 0.0893401
A10: DC | B10: 0.14527 | C10: 0.14602578 | D10: 0.14224748 | E10: 0.1463087
A11: FL | B11: 0.0849563 | C11: 0.08802153 | D11: 0.06624098 | E11: 0.0839998
A12: GA | B12: 0.101368 | C12: 0.10495565 | D12: 0.08185764 | E12: 0.1152183
A13: HI | B13: 0.0997593 | C13: 0.10827886 | D13: 0.06824231 | E13: 0.1003458
... A52: WY | B52: 0.1663834 | C52: 0.16809213 | D52: 0.16094603 | E52: 0.1422541
A54: Notes: Rates reflect the estimated share of state residents who attended a public meeting, such as a zoning or school board meeting, to discuss a local issue in the past year.

Sheet Taking Action with Neighbors
A1: State | B1: State 2017 Taking Action with Neighbors Rate | C1: State 2019 Taking Action with Neighbors Rate | D1: State 2021 Taking Action with Neighbors Rate | E1: State 2023 Taking Action with Neighbors Rate
A2: AL | B2: 0.1823462 | C2: 0.1644158 | D2: 0.15941605 | E2: 0.1831129
A3: AK | B3: 0.2451755 | C3: 0.26509321 | D3: 0.20734681 | E3: 0.2785641
A4: AZ | B4: 0.1560887 | C4: 0.17470646 | D4: 0.15644343 | E4: 0.2026567
A5: AR | B5: 0.1697831 | C5: 0.19557914 | D5: 0.14412957 | E5: 0.1702168
A6: CA | B6: 0.1786877 | C6: 0.17789398 | D6: 0.15197121 | E6: 0.1801377
A7: CO | B7: 0.2127758 | C7: 0.25315234 | D7: 0.20733321 | E7: 0.2219281
A8: CT | B8: 0.1805798 | C8: 0.24175871 | D8: 0.20210198 | E8: 0.1715302
A9: DE | B9: 0.2436262 | C9: 0.27666039 | D9: 0.23392235 | E9: 0.2199921
A10: DC | B10: 0.3131212 | C10: 0.32144233 | D10: 0.27505204 | E10: 0.2967476
A11: FL | B11: 0.2361771 | C11: 0.17758983 | D11: 0.15464978 | E11: 0.2130895
A12: GA | B12: 0.1725173 | C12: 0.18319809 | D12: 0.14532689 | E12: 0.2427384
A13: HI | B13: 0.1971287 | C13: 0.1759008 | D13: 0.12547505 | E13: 0.1532963
... A52: WY | B52: 0.1973124 | C52: 0.23522255 | D52: 0.2941292 | E52: 0.2587212
A54: Note: Rates reflect the estimated share of state residents who got together with other people from their neighborhood to do something positive for their neighborhood or the community in the past year.

Sheet Buycotting or Boycotting
A1: State | B1: State 2017 Buycotting or Boycotting Rate | C1: State 2019 Buycotting or Boycotting Rate | D1: State 2021 Buycotting or Boycotting Rate | E1: State 2023 Buycotting or Boycotting Rate
A2: AL | B2: 0.0694331 | C2: 0.10454094 | D2: 0.09494937 | E2: 0.068009
A3: AK | B3: 0.2181037 | C3: 0.16529309 | D3: 0.19226924 | E3: 0.2265396
A4: AZ | B4: 0.1587297 | C4: 0.17413293 | D4: 0.19301261 | E4: 0.205149
A5: AR | B5: 0.1371973 | C5: 0.14162397 | D5: 0.16648727 | E5: 0.1653948
A6: CA | B6: 0.1371167 | C6: 0.14539593 | D6: 0.15640682 | E6: 0.1705692
A7: CO | B7: 0.1544031 | C7: 0.23671118 | D7: 0.26631574 | E7: 0.2413301
A8: CT | B8: 0.1491175 | C8: 0.16165124 | D8: 0.2015195 | E8: 0.2051042
A9: DE | B9: 0.1116373 | C9: 0.16997186 | D9: 0.16115084 | E9: 0.1674544
A10: DC | B10: 0.3077811 | C10: 0.29148123 | D10: 0.36220844 | E10: 0.2967466
A11: FL | B11: 0.1102821 | C11: 0.09999829 | D11: 0.10785292 | E11: 0.1276705
A12: GA | B12: 0.1234459 | C12: 0.12850101 | D12: 0.14428337 | E12: 0.1039982
A13: HI | B13: 0.1148189 | C13: 0.1086652 | D13: 0.10585138 | E13: 0.119596
... A52: WY | B52: 0.1554067 | C52: 0.20080557 | D52: 0.25759336 | E52: 0.2253434
A54: Note: Rates reflect the estimated share of state residents who bought or boycotted products or services based on the political values or business practices of that company in the past year.

Sheet Employer Promotes Volunteering
A1: State | B1: State 2021 Employer Promotes Volunteering Rate | C1: State 2023 Employer Promotes Volunteering Rate
A2: AL | B2: 0.34745277 | C2: 0.3067537
A3: AK | B3: 0.33217993 | C3: 0.3459615
A4: AZ | B4: 0.40522914 | C4: 0.3387186
A5: AR | B5: 0.36033154 | C5: 0.4225135
A6: CA | B6: 0.28999849 | C6: 0.3412228
A7: CO | B7: 0.32754717 | C7: 0.4778262
A8: CT | B8: 0.40698291 | C8: 0.4232728
A9: DE | B9: 0.43207754 | C9: 0.4208777
A10: DC | B10: 0.49817264 | C10: 0.4558727
A11: FL | B11: 0.29208886 | C11: 0.3070354
A12: GA | B12: 0.33192327 | C12: 0.3918816
A13: HI | B13: 0.33703757 | C13: 0.388143
... A52: WY | B52: 0.37488044 | C52: 0.3526348
A54: Note: Rates reflects the estimated share of employed state residents whose workplace or employer asked or encouraged employees to volunteer or contribute to a specific cause, for example by participating in an employer-sponsored volunteering day, providing pro bono services, or donating to a charity, in the past year. This measure was introduced to the CEV in 2021.
